Size,Bedrooms,Bathrooms,Location,Price
1360,1,2,City Centre,244790.02461240452
1794,4,2,Suburbs,354978.7300702423
1630,5,2,Suburbs,352155.4573230377
1595,1,3,Rural Area,307989.84866695077
2138,1,2,Suburbs,313688.0796234191
2669,5,2,Suburbs,460274.83311185025
966,3,1,City Centre,199765.98247721372
1738,2,3,City Centre,301058.00595051196
830,4,2,City Centre,256910.75515131556
1982,2,3,City Centre,350182.0422148629
2635,5,2,City Centre,437620.6610467164
630,1,2,City Centre,161568.01496283867
2185,1,2,City Centre,288142.5250663838
1269,4,1,Rural Area,264759.41598386783
2891,1,1,Rural Area,391907.6632703957
2015,1,1,Rural Area,298004.1003221313
2933,4,3,Rural Area,478313.31442762417
1715,4,3,City Centre,347495.4737436192
1455,5,1,Rural Area,310641.2631725635
2824,1,3,City Centre,384193.57721053105
1684,1,2,Rural Area,282376.5684040507
959,5,2,Suburbs,284319.45888778777
521,3,2,Rural Area,201940.376959856
2800,3,1,Rural Area,394479.3031466484
1247,3,3,City Centre,236633.1416025751
974,5,1,Rural Area,284343.0542350739
1582,1,3,Suburbs,263623.2508798319
2547,5,2,City Centre,417444.4847191376
1475,5,1,City Centre,326369.57823827985
2306,3,3,Rural Area,377759.7472016174
689,2,3,City Centre,225098.72768093244
1062,1,2,City Centre,218540.11899153396
2399,3,1,City Centre,378571.3864640095
1767,2,1,City Centre,254380.88577598933
2028,2,1,City Centre,332038.879707728
1146,4,2,City Centre,279825.0106246771
2568,1,1,Suburbs,334414.45721507596
2714,2,2,Rural Area,394267.76934684505
1797,3,2,Suburbs,284175.2953420336
2935,4,2,City Centre,461673.05622961343
1100,1,3,City Centre,204412.56983635857
2863,5,1,Rural Area,424246.5942831293
2561,3,1,Suburbs,350652.8162756422
741,2,2,Rural Area,216353.7674997985
2541,2,2,Suburbs,361514.7321261442
1863,3,1,City Centre,341974.55419833
2639,2,2,Rural Area,373183.970738954
1890,4,1,Rural Area,299852.84084814106
1978,1,3,City Centre,290469.5112010268
1275,4,2,Rural Area,312216.23240013875
534,2,1,Suburbs,155282.03644126665
2753,5,2,Suburbs,444334.254070188
2455,1,1,Suburbs,333700.36451705574
2085,1,1,Suburbs,303535.6547233509
1521,3,2,City Centre,314447.97631804924
1629,3,3,Rural Area,346869.9845978585
2000,5,1,Suburbs,357804.62708421826
1202,1,1,City Centre,178679.04627835922
2949,5,1,Rural Area,451630.6967775345
2079,3,3,Rural Area,368105.61013165774
661,3,3,City Centre,201824.8214757878
701,1,2,City Centre,150956.98170209915
2481,4,3,Suburbs,429975.7576309977
1495,2,2,Rural Area,268526.95296859095
2817,3,2,Rural Area,422355.9399082317
1315,3,3,City Centre,271330.0933059986
955,4,2,Rural Area,250891.98571588466
1775,4,3,Suburbs,334015.33711463393
1516,5,2,Rural Area,349403.96822249575
2843,5,3,City Centre,500004.98669447505
837,2,3,City Centre,181776.24275523814
1378,2,2,Suburbs,239209.7827961518
1576,1,1,Suburbs,212669.41489819842
1291,5,2,Rural Area,296099.52131186204
2764,3,3,Rural Area,429731.2406041928
1263,5,1,City Centre,262307.0956060294
2735,3,2,Suburbs,395062.80373749376
879,4,2,Suburbs,227820.85255837004
992,5,2,Suburbs,283345.3465879789
1680,4,1,Rural Area,314386.886740725
2562,2,3,Suburbs,376765.2489332549
564,2,2,City Centre,179936.41744278796
1867,1,2,City Centre,275766.3983082547
1652,5,2,Rural Area,339766.8977934789
2527,4,2,Rural Area,446169.0418059707
1995,3,2,Suburbs,366309.2210358069
1662,2,3,Rural Area,275208.37526144803
2022,2,3,City Centre,353794.6483575835
891,3,2,Suburbs,245327.93108983184
2198,4,1,City Centre,341834.73422494764
918,4,3,Suburbs,283175.5528750972
2836,5,1,Rural Area,479358.63836825103
878,5,3,Suburbs,260349.10387511173
2296,1,2,Suburbs,311249.94357971475
2778,2,3,City Centre,433153.22933687
2588,5,2,City Centre,444229.90621651296
2682,4,3,Suburbs,454229.5255047905
700,3,2,Rural Area,216811.78432800993
2363,4,2,Rural Area,404113.91841856285
1279,2,2,City Centre,221370.55743377833
1002,4,2,Rural Area,281146.35413242894
2954,1,1,City Centre,403791.79984855547
2251,2,2,Rural Area,340512.18511863943
1304,3,1,Suburbs,254530.46100372274
2646,1,1,City Centre,318977.84994888556
2395,2,2,City Centre,369785.0951203567
2070,3,1,Suburbs,343441.1488342829
1460,1,3,City Centre,259756.1796600138
1985,1,2,Rural Area,320987.06719741004
1528,2,1,Rural Area,251118.4553804012
1002,5,2,City Centre,291492.118517872
897,1,2,Rural Area,169306.71322615768
1370,1,2,City Centre,236528.95698251523
892,3,1,Suburbs,210712.91484194327
706,4,3,City Centre,250106.15844081884
1538,2,3,Suburbs,281409.4614233328
2381,2,1,Rural Area,340470.5480865666
1984,5,2,Suburbs,394920.9434288301
1363,5,1,Rural Area,292564.7152552357
1063,2,1,City Centre,179168.4579852264
1520,5,1,Rural Area,351991.6780841084
595,3,2,City Centre,227129.08157380973
2423,2,1,City Centre,321454.74609788763
2257,5,2,Suburbs,419494.1561049039
2778,2,1,Suburbs,372740.5045889731
2178,4,3,Suburbs,398069.7443066212
1040,1,1,Suburbs,194884.48258026986
1559,2,1,Rural Area,256211.84399367357
1683,1,3,Rural Area,267624.68668827205
2222,5,2,Rural Area,388389.1789536748
2319,1,2,City Centre,313576.1616903751
2097,2,1,Rural Area,298063.5558353911
1295,4,3,Rural Area,303156.4341990129
1551,5,2,Rural Area,320784.80021778494
2143,2,1,Suburbs,332941.0413142524
1863,5,3,Rural Area,411044.9231067186
2481,3,2,City Centre,376498.93517259916
1854,1,2,Suburbs,290188.09001070756
2163,3,3,City Centre,381293.70220605866
2029,2,3,Rural Area,347340.0454183855
2538,4,3,Suburbs,430319.10535832174
1996,5,3,City Centre,409453.64836719446
2737,1,1,Rural Area,368344.97905361315
1908,5,3,City Centre,361046.751553454
1900,2,2,City Centre,327383.12128778547
1806,5,2,City Centre,378345.8167453348
1472,1,1,Rural Area,216934.27791642837
2268,2,2,Rural Area,347558.756708952
1782,5,2,City Centre,371866.5798562214
1209,4,3,Suburbs,291713.7236084128
1979,2,2,Suburbs,339359.56095532025
1934,2,1,Rural Area,345677.4498923872
1148,4,3,Rural Area,274080.27934730035
817,3,3,Rural Area,209079.1079369245
1757,1,1,Rural Area,266776.3719120975
1183,3,3,Rural Area,287731.2501025229
1163,5,3,Suburbs,306682.67252310464
2498,4,1,Rural Area,423865.2132664207
2131,3,3,City Centre,341327.88400553504
1995,2,1,City Centre,318358.37246063224
1636,5,1,Suburbs,316482.78358482214
2353,5,2,City Centre,449687.55812414596
2020,3,2,Suburbs,381850.3070633624
2989,3,3,Suburbs,438566.868244333
1063,4,3,City Centre,270308.8572818284
1791,1,1,Rural Area,281291.75773959607
2136,3,3,City Centre,360857.3870042097
1198,3,1,City Centre,243891.77564135523
2660,2,1,Suburbs,371507.7684108482
501,5,3,City Centre,206706.53687604686
1141,1,1,Suburbs,198823.24507811526
2767,2,2,Rural Area,382905.44451871654
2089,4,3,Rural Area,374037.54355200456
1354,4,2,Rural Area,324272.64006937627
2259,3,3,City Centre,355769.86211441486
2932,3,1,Suburbs,434464.10373495956
2161,4,3,Rural Area,385520.7413933638
1653,3,2,Suburbs,299704.7966300833
1576,1,1,Suburbs,258407.43792103423
2207,3,3,Rural Area,382501.0258913778
2195,5,3,Rural Area,425912.2599443906
2233,3,3,Suburbs,397663.6932106572
1939,2,2,Rural Area,307273.8323363335
2794,1,2,Suburbs,367155.265309845
1335,2,3,Suburbs,246796.98946884403
702,2,1,Rural Area,158691.7894004209
622,5,1,City Centre,286181.8885061745
900,1,2,Rural Area,214893.59161473572
1266,1,1,City Centre,184578.51267583956
793,1,2,Suburbs,152850.8408651286
2827,1,3,Suburbs,407337.3212343698
697,1,2,City Centre,180645.29594755935
2430,5,2,Suburbs,433977.67670634727
2691,3,3,City Centre,419000.88412892603
1108,2,1,City Centre,213290.914799942
1647,1,2,Suburbs,271257.5904831872
686,3,2,City Centre,210317.8601258666
2294,3,3,Rural Area,340013.9925450493
1159,2,1,Rural Area,216304.00738849613
2455,5,2,Suburbs,408471.8713147937
2950,4,3,Suburbs,473504.2283781702
1869,4,2,City Centre,406605.1800520682
2486,3,3,City Centre,410949.6333094861
2034,2,1,City Centre,302129.40627655206
646,4,1,City Centre,228036.03003954503
2234,3,1,Rural Area,358053.75774418423
2343,5,1,Rural Area,407701.8898090368
988,4,2,Suburbs,270937.01186431345
2459,3,2,City Centre,427030.87129659083
2163,3,1,City Centre,318682.23129348166
2885,1,1,Suburbs,382972.6415362291
1140,5,1,City Centre,260472.37740036924
2302,1,2,City Centre,341310.252926845
2469,2,1,City Centre,333526.26977027813
2698,1,1,City Centre,346452.6637278983
1938,1,1,City Centre,272898.2017152419
2134,4,3,Suburbs,407916.3343868942
762,3,1,City Centre,219569.08887884827
2287,5,3,Suburbs,398785.65247107233
2691,1,3,City Centre,385198.682219997
2893,5,1,Rural Area,440108.40290501656
1123,1,3,Rural Area,202129.9017864933
1516,2,1,Rural Area,252259.65899151258
1380,1,2,Rural Area,231830.3442308836
2549,4,2,Suburbs,463434.32972691045
1827,3,2,Suburbs,331359.1965072139
2801,2,2,City Centre,372547.6499849153
952,1,3,Rural Area,198904.51991658116
1683,5,1,Suburbs,353727.665908588
2556,2,1,City Centre,402368.8554573985
2182,2,1,City Centre,291480.33375524083
2755,1,2,Suburbs,337901.51229721913
1654,2,2,Rural Area,322819.30350743566
903,5,1,City Centre,263092.2835474181
2699,2,2,Rural Area,372534.1453624727
2601,5,1,Rural Area,435792.5817224487
2196,1,1,Rural Area,251885.04521966245
1127,3,1,City Centre,237767.5101319432
1086,2,1,Rural Area,220156.4234568617
2148,3,1,City Centre,358285.4027907566
1943,5,1,Rural Area,339022.08095414925
1945,2,1,City Centre,301213.7432280672
603,4,2,Rural Area,201791.50747880826
753,3,1,Suburbs,205407.67511348633
1996,2,1,Rural Area,286693.0735527395
598,3,2,Rural Area,191637.98321679558
2700,2,2,City Centre,370083.6921041954
2384,1,2,City Centre,351422.7248364731
2419,3,1,Rural Area,384069.0223331333
1377,4,3,Suburbs,308007.5886008517
837,4,3,Suburbs,259464.75989920058
1456,5,2,City Centre,296628.1717073291
2204,2,3,Suburbs,349406.4670398643
660,3,2,Rural Area,204995.9076591651
2103,5,1,City Centre,427715.86182059953
897,3,3,Rural Area,222460.6594845167
1800,2,1,City Centre,314283.54477504874
1315,4,3,City Centre,326437.17546931613
2027,1,1,City Centre,293312.7280898027
2419,4,3,City Centre,452072.4096839027
1915,5,1,Suburbs,363942.10945213726
1658,1,1,Rural Area,258583.18391335857
1718,5,3,Rural Area,365737.5869396491
900,2,1,Rural Area,219471.37764837255
1139,1,1,City Centre,220829.38467621768
959,5,1,Suburbs,248386.45425007574
1454,2,3,Rural Area,254015.05610802464
969,4,3,Suburbs,267840.38725208683
1545,2,1,City Centre,243499.22871204707
2193,3,1,Rural Area,343029.5085076929
2585,2,3,Suburbs,418248.7626936828
2777,2,3,City Centre,403553.9668982642
1062,3,1,Suburbs,230343.5323737685
2985,5,1,Rural Area,464660.4546961679
2299,5,1,Rural Area,411868.6176441057
2574,2,2,City Centre,332462.2133203079
725,3,3,City Centre,215365.99410469405
1297,3,2,City Centre,273925.67384558945
2831,4,3,Suburbs,482101.5791285372
1459,5,3,Suburbs,331061.9510498759
2004,1,3,Suburbs,277868.9458791625
952,5,3,City Centre,302594.2289193227
1315,5,3,Rural Area,313792.7522234874
1158,4,3,Rural Area,267006.66681819275
1046,1,3,Suburbs,207113.0922057355
1715,4,2,Suburbs,327809.492846883
516,1,1,Rural Area,124505.10670923574
1743,2,1,Rural Area,235188.67885801863
2705,1,2,Suburbs,388441.3239377426
1569,4,2,Suburbs,342397.50082557445
2646,5,2,Rural Area,457630.4398267901
2268,1,2,City Centre,304046.28659150365
1560,1,3,Suburbs,266970.16932104965
2827,3,1,Rural Area,407569.57369541086
801,5,3,Rural Area,287075.8877912382
680,2,1,Rural Area,186366.8097743616
1106,4,1,Rural Area,240916.52402443008
1199,2,2,City Centre,241539.9111282712
1492,5,3,Rural Area,353345.60809230484
1639,1,2,Suburbs,293016.4464429353
690,1,3,City Centre,198090.13079649446
2800,5,1,Rural Area,460781.1337475104
1480,1,2,City Centre,249676.5325585872
2506,1,2,Suburbs,378809.18290407007
1684,1,1,Rural Area,261595.25591918995
627,4,1,Suburbs,190478.2417965286
2565,4,1,Rural Area,429567.3994025038
2316,3,2,Rural Area,385558.06545078056
2258,2,3,Rural Area,351939.11957743036
1069,5,2,Rural Area,277310.1406520151
1846,5,3,Rural Area,385531.5109028152
2395,5,2,City Centre,428763.6959053517
1125,3,2,Rural Area,256445.84531262412
2186,4,1,Rural Area,369826.1734688577
654,3,3,City Centre,254399.1474915276
1909,5,2,City Centre,392330.86304469773
1284,2,2,City Centre,252212.71182530047
745,1,1,City Centre,178326.21161534966
2000,4,1,City Centre,324349.5219294492
2205,4,3,City Centre,403458.54099893617
1037,3,2,Rural Area,279886.1269946622
2390,4,3,Rural Area,409639.0820921525
2341,5,2,Suburbs,397147.3214276183
1420,5,3,Rural Area,323958.22222813877
2955,3,1,Rural Area,398707.33925315225
1024,5,2,City Centre,266704.76183744596
2029,2,3,City Centre,330489.83802819945
535,3,1,Rural Area,150388.65961642715
1184,2,1,Suburbs,223712.36667899205
519,1,3,City Centre,184945.54347573293
2868,2,2,Rural Area,388644.87639706157
899,1,2,Rural Area,220285.67847283537
1471,1,1,Suburbs,242315.8417705519
2406,2,2,Suburbs,381211.6117124811
1666,3,2,City Centre,293443.3089229573
1615,5,2,Suburbs,358590.5045413323
1333,5,1,Rural Area,276461.32199209376
2323,1,3,Rural Area,365104.9500167302
2482,1,2,Suburbs,351636.78679587063
1353,3,1,Suburbs,271365.0243996957
550,4,1,Suburbs,176488.10788750296
1074,2,3,Suburbs,224498.6031544679
1648,1,2,City Centre,276744.5643650677
2697,5,2,Suburbs,430733.039915516
2861,3,3,City Centre,450364.1258419825
2852,2,3,Rural Area,392857.24387079506
2215,3,1,Suburbs,363463.48425333336
1181,2,1,City Centre,198449.5337046298
1337,2,3,Suburbs,279745.99875359045
1577,1,2,Rural Area,270212.61867292004
2991,3,1,Rural Area,410164.5636314085
2811,3,1,Rural Area,417740.5313416945
2095,5,2,Suburbs,394708.8452666711
504,5,1,Suburbs,204623.16287614524
1626,1,2,City Centre,242428.90631847584
1719,1,2,Rural Area,232647.48616654842
1273,4,2,Suburbs,294293.0009459939
1376,5,3,Rural Area,301303.9445727589
1491,2,3,Rural Area,286006.8839888262
546,3,3,City Centre,204331.03567835502
768,1,2,City Centre,190382.8555087639
869,3,2,City Centre,220859.09001020272
1135,3,3,City Centre,261911.04427305819
1629,4,1,Rural Area,322537.4140857659
2193,5,2,City Centre,406001.16058168234
2182,1,1,City Centre,309523.1191436556
1156,3,1,City Centre,249985.35179617052
619,1,2,City Centre,131188.5575358579
1330,2,2,Rural Area,268135.77359973965
2310,4,1,City Centre,388249.37588027207
1581,2,1,Rural Area,242766.33742847005
2474,1,3,Suburbs,357518.39052651596
1869,1,3,Rural Area,301113.8542474474
1240,5,2,Rural Area,301310.06431196537
616,3,3,City Centre,223277.1993313707
2353,3,3,Suburbs,418927.33563662367
1650,2,3,Suburbs,321635.3345534566
2431,4,3,Suburbs,391855.6161313719
1512,3,1,Suburbs,288641.39980612096
2164,5,2,Rural Area,422978.6663907082
1581,2,3,Suburbs,300836.17041378404
1133,2,1,Rural Area,240119.60850371933
1012,5,1,Rural Area,306445.4089140153
1619,4,1,Rural Area,327374.1909221396
1641,5,3,Suburbs,364086.1719128346
1059,4,3,City Centre,301801.7694816951
987,5,2,City Centre,281597.7566619378
1396,5,3,Suburbs,335078.0608656991
1712,1,3,City Centre,279171.71528572537
1203,2,1,City Centre,256568.26717664217
1970,5,2,Rural Area,360631.42668116
1080,5,3,Rural Area,333647.3544935623
2794,3,3,Suburbs,444397.2824748074
653,2,1,Suburbs,142313.87650396116
2179,3,1,City Centre,350252.9858598284
1496,2,3,Rural Area,242599.46984696752
1743,3,2,Suburbs,326810.1603366207
1592,5,2,Suburbs,356904.62965977984
1508,5,1,Suburbs,303952.8808869589
2641,1,1,Suburbs,351570.95391911163
2273,3,3,Suburbs,421383.1486750057
1457,4,1,Suburbs,280585.0659147613
952,1,3,City Centre,189021.84825886798
1727,3,2,Rural Area,342333.268049252
2765,3,2,Rural Area,455751.7438106159
2979,1,3,Suburbs,412973.91343695694
2888,5,1,Rural Area,474029.2607081671
1050,3,2,Rural Area,271829.5183106176
2135,5,1,Rural Area,363650.31534923235
1812,1,2,Suburbs,271493.88329264265
2257,5,3,Suburbs,445317.4902630947
856,2,3,Rural Area,254300.28557417018
2570,4,3,Rural Area,443257.6172034871
2285,3,2,Suburbs,350903.71292995894
2281,4,1,City Centre,412841.2222339888
2989,5,1,Rural Area,453280.5820437607
2131,3,1,City Centre,331397.244376571
1515,5,2,Rural Area,338346.75668979244
1848,2,2,City Centre,335883.20841429546
1015,1,2,City Centre,218579.51953104447
835,3,2,City Centre,231797.3100072382
2282,2,2,Suburbs,357465.7706023621
2805,2,1,City Centre,386370.2933728693
996,3,2,City Centre,250762.79029037012
1395,5,2,City Centre,268908.79844611394
2707,2,1,Rural Area,369767.85081860406
1351,4,2,City Centre,299926.4386983356
2187,2,1,Rural Area,300679.7183276099
2431,5,1,City Centre,415826.4663562312
2927,5,3,City Centre,483610.5755802776
2068,4,3,Suburbs,416909.5139663098
1456,2,3,Rural Area,312060.3945042971
2136,5,3,City Centre,399283.88861763675
1791,3,2,Rural Area,316083.2457686661
1940,1,3,Rural Area,307521.04868783214
1691,1,1,Suburbs,245066.81047680756
1566,1,2,Suburbs,260500.49968056253
784,2,3,Suburbs,198234.3586222482
2944,4,1,Suburbs,416787.69330124947
511,5,2,Suburbs,243554.22447800537
2130,3,2,Suburbs,365590.5916844362
1253,3,3,Suburbs,264213.68480680016
2582,2,2,Suburbs,396107.108615252
589,1,1,City Centre,131268.44541669337
1275,2,2,Rural Area,252563.30476075964
2125,4,1,Suburbs,373906.88025224913
917,4,2,Suburbs,251027.74870592574
614,5,3,Rural Area,265494.8182428227
1116,5,1,City Centre,266271.40712224855
1325,4,2,Rural Area,288570.66833143804
2149,4,2,Rural Area,370782.8113823932
2016,4,2,Suburbs,346668.43306919525
912,2,1,Rural Area,192664.51673768435
1228,4,1,Rural Area,236827.63402272508
1175,3,1,Suburbs,232676.9250571579
2392,1,3,Suburbs,348502.4901326066
2739,4,3,Suburbs,443776.4049500924
1622,1,1,Suburbs,242370.05108258442
2071,2,2,Rural Area,325864.7160027974
1477,1,3,Rural Area,272288.8303617213
1508,2,1,City Centre,273290.34148265043
2643,3,2,City Centre,391304.6954630347
2187,2,3,Rural Area,329635.9828922171
536,2,2,City Centre,152759.11175513794
2048,5,2,Rural Area,375055.94157610147
2826,4,2,City Centre,435561.57364366984
2764,4,2,Suburbs,421000.0786760509
1372,3,3,City Centre,266277.6667150021
2321,3,3,Suburbs,377977.5834505162
1796,4,3,Suburbs,358228.53240227944
2609,5,1,Suburbs,437800.5893167113
1095,4,3,Suburbs,273351.53893783357
2403,5,2,City Centre,412040.0435571313
1228,3,3,Rural Area,259266.0338230538
1865,1,2,Suburbs,285871.21659250447
896,3,1,City Centre,197631.42731618372
1198,3,2,Suburbs,271262.556264824
2724,2,2,City Centre,356682.6701613178
2135,2,2,City Centre,326307.4065509508
895,2,1,City Centre,200522.14678383485
2992,2,3,Rural Area,437876.6903264501
575,5,3,City Centre,306360.67327960994
764,4,1,City Centre,228396.00049135817
2319,1,2,Rural Area,311818.9080631598
1217,3,3,Rural Area,274790.7150582185
1350,5,1,City Centre,264475.07333067094
1890,1,3,Rural Area,302388.0050140648
643,5,1,Suburbs,212638.87885998483
1384,5,2,Suburbs,336707.80551120325
895,3,3,Rural Area,233509.1945080893
1992,4,1,Rural Area,341864.68168409506
1667,2,3,City Centre,288988.84317191195
1562,4,3,Rural Area,365977.02703706664
2656,3,3,City Centre,414175.14467764174
1565,3,3,Suburbs,348151.14086958405
1709,3,1,Rural Area,312183.0352423653
2945,1,2,City Centre,404141.33454670775
1133,4,1,City Centre,265674.6629463504
1656,4,1,Suburbs,318475.94596432504
1738,5,1,Rural Area,300246.5484130878
1232,5,2,Suburbs,297622.3321169849
734,5,3,City Centre,285303.15942368645
1250,3,3,City Centre,279022.05633051787
1453,4,3,Rural Area,292196.2030639285
2042,3,2,City Centre,343151.91098845063
1697,1,3,Rural Area,318782.1103251098
2176,5,2,Suburbs,422537.83431069436
1691,3,3,Rural Area,322859.91981267935
2717,3,3,Rural Area,445728.98554116173
1916,1,1,City Centre,269269.85959263897
1717,2,2,City Centre,257622.56826346563
2040,4,1,Rural Area,330510.6802374089
2576,2,1,City Centre,393857.77537016396
1945,5,1,City Centre,354020.1383634139
2886,3,2,City Centre,423732.32041249966
2019,1,2,Rural Area,295903.2360745024
1888,1,3,City Centre,341882.73179146013
2356,4,1,Rural Area,413119.1783072413
1865,2,3,City Centre,365875.60466896265
999,4,1,Suburbs,241719.09579199896
2180,3,2,City Centre,363912.4897749419
1010,4,2,City Centre,230667.14901158417
716,1,2,Rural Area,201138.6885223655
1824,1,1,Rural Area,244044.4089746413
1655,5,2,City Centre,349835.51127525256
2327,5,1,Suburbs,375753.9494473431
2310,3,3,City Centre,374222.66346522607
2992,2,1,City Centre,387454.751379006
1705,4,3,Suburbs,333342.49478648364
2714,3,1,Rural Area,385617.54593702045
590,5,3,City Centre,243034.62410149846
1213,4,2,Rural Area,297966.6782356061
2381,5,3,Rural Area,411002.7441387496
538,4,2,Suburbs,218210.82854027735
672,2,2,Suburbs,211559.18304611117
1152,3,3,Rural Area,259936.07270973208
1253,4,1,City Centre,255941.62218504795
1743,1,1,Rural Area,254689.50749639497
1581,1,1,City Centre,266694.5041672142
2183,4,1,City Centre,367182.1526190672
955,4,1,Suburbs,229875.71410784803
1328,4,2,City Centre,302477.53302376077
1394,1,1,City Centre,202354.15700327154
1884,1,2,Rural Area,302027.190208859
2458,4,2,Suburbs,413972.14615403535
2934,5,2,City Centre,467243.83057722234
2496,5,3,City Centre,427828.2840310554
2895,2,3,Suburbs,406766.3815543309
689,3,2,Rural Area,219596.34672691821
1004,5,3,Suburbs,319979.6100497812
1714,1,1,Suburbs,243653.84505942411
2031,5,1,City Centre,377267.7340710297
1323,2,2,City Centre,210559.45962795863
1428,2,1,Rural Area,236107.64538685602
1433,3,2,City Centre,282678.82134258194
1640,5,2,City Centre,325806.33166036336
633,1,1,Suburbs,129569.87250420808
2605,1,3,City Centre,362144.4088706223
1184,4,1,Rural Area,269243.8545665275
2720,1,1,Suburbs,353253.4196318725
2352,3,2,Rural Area,330435.37533350056
1314,3,2,Suburbs,228985.99694729867
1672,1,2,City Centre,255062.69644285648
579,1,2,Suburbs,167053.73172107103
702,4,3,Suburbs,190249.9031454953
1752,1,3,City Centre,280205.3964769674
2199,4,3,City Centre,384375.0428696516
1750,4,2,Rural Area,362766.75556416897
2182,1,2,Rural Area,310499.5637657427
2055,2,2,City Centre,333159.77969481854
2594,2,3,City Centre,397225.1428017493
1756,4,2,City Centre,292988.67040385597
2049,1,1,Suburbs,305264.14433263475
1666,2,1,Suburbs,275907.93010912574
1896,1,2,Suburbs,299765.3727934918
970,1,1,City Centre,260524.75412872655
1535,1,1,Rural Area,196817.74121002824
1853,5,3,City Centre,414793.93299522216
1467,1,2,Suburbs,240951.0496119929
857,5,2,Suburbs,271446.5780880602
1167,4,3,City Centre,290789.75509397517
872,2,1,City Centre,183715.27333203913
1531,2,1,Suburbs,246703.34143522484
1645,2,2,Suburbs,291090.1747114602
1871,2,1,Suburbs,261756.5260665664
589,2,3,City Centre,208911.5833504353
1039,2,3,Suburbs,230576.1119022949
1368,2,2,Suburbs,234198.61321919283
540,4,3,Rural Area,219999.74284008372
1239,1,3,City Centre,264042.98433725146
2446,3,2,Rural Area,373893.29825967556
1724,5,3,Rural Area,374569.0723641924
1428,3,3,Suburbs,283180.87448569055
2536,3,3,City Centre,423758.4369984724
1424,1,1,Suburbs,241110.15477580408
2081,1,2,City Centre,345072.1766659282
889,1,2,Rural Area,185388.7210900157
2117,2,2,City Centre,345073.09609515814
755,4,1,Suburbs,222461.3507907789
1208,2,1,Suburbs,251717.4356372603
2338,4,2,Suburbs,379423.3522478254
2444,4,1,City Centre,404300.10625754565
2997,3,2,Rural Area,435806.05407766637
509,3,1,Rural Area,174616.23645783003
1297,4,3,City Centre,306535.04968896747
1376,4,3,Suburbs,317644.8079285335
1528,2,2,Rural Area,270475.4191375608
1515,2,1,Suburbs,260794.26366341053
2324,3,1,City Centre,388962.3611512437
873,1,3,Suburbs,222008.99371230436
2693,4,3,Rural Area,461683.0918499379
723,2,1,Rural Area,168189.2094795226
1762,3,1,Suburbs,283415.18343543354
2724,2,1,City Centre,396506.01116475504
2302,4,1,Suburbs,392720.9358505959
1352,4,1,City Centre,309653.41351501964
562,5,1,Suburbs,209120.3874806154
1740,1,2,Rural Area,269409.0268927931
1188,5,1,City Centre,251010.31674949132
1984,3,3,City Centre,345550.5778787825
2133,2,2,City Centre,353231.41021158895
2652,3,1,Rural Area,380870.09241543605
1010,4,3,Suburbs,288809.59590401646
884,5,2,Rural Area,264589.93788004376
904,5,3,City Centre,291881.1405644312
1017,5,1,Suburbs,243746.17220368664
975,3,1,Rural Area,224204.188992678
2500,4,1,City Centre,335177.28058198554
2168,2,1,City Centre,318062.07683676033
2393,2,2,Rural Area,326690.5351256972
1960,3,2,Rural Area,360119.8903309363
1213,5,3,Rural Area,331848.14705529023
582,1,1,City Centre,152533.41963932163
1668,3,3,Rural Area,352220.1245431876
2401,3,2,City Centre,361121.6695835033
2548,4,1,Rural Area,434747.2639583112
550,2,1,City Centre,178643.8312852077
1184,3,2,City Centre,253668.89425562107
1216,3,2,Suburbs,284312.4029436589
1969,5,2,Rural Area,354774.1297517673
948,5,2,Rural Area,258309.71676944653
1380,1,2,City Centre,225828.20553520598
987,4,1,City Centre,233120.4458387197
2323,1,2,City Centre,311168.84714479494
2581,5,1,Suburbs,447561.6613419065
2642,2,1,Suburbs,364022.9119926034
2074,5,2,City Centre,394450.0993671376
2701,4,2,Rural Area,418692.97267172637
749,5,1,Rural Area,203487.93398902967
1173,4,2,Suburbs,282701.14716782846
937,4,2,Suburbs,215454.90049160447
2665,4,2,City Centre,425127.3190782906
1270,4,3,Rural Area,274633.6992233438
767,4,1,City Centre,261445.51998461617
2484,2,3,Suburbs,401627.2544434944
1577,1,2,Rural Area,259815.0758254296
735,3,3,Rural Area,253774.13355309336
888,1,2,Suburbs,171873.6804506853
1262,4,3,City Centre,312069.58757340186
2348,2,2,City Centre,358796.20867437427
2948,5,3,Rural Area,495080.4016266734
1123,2,3,Suburbs,272747.07000213536
1752,4,3,Rural Area,364849.84205559606
1077,2,1,Suburbs,218474.47325650047
2622,2,3,City Centre,364102.2512754341
934,4,1,Suburbs,219199.07409441072
2650,2,2,City Centre,382545.8213280855
1263,3,3,Suburbs,283167.447485533
1829,3,2,Rural Area,300295.92550652154
2645,2,2,City Centre,432733.53351156844
1858,5,3,Rural Area,411127.88110507146
2982,4,1,Rural Area,455242.36640784965
946,3,3,City Centre,251040.7372256749
2517,5,2,City Centre,427455.82060197694
1831,2,2,Rural Area,284061.6307995553
748,5,3,Rural Area,271349.61037037725
665,1,1,Rural Area,156655.05080285502
1858,3,1,Rural Area,285964.78849036753
1519,2,2,City Centre,278583.52834489796
1041,4,2,City Centre,260994.81902350503
1258,2,1,Rural Area,192643.84884245216
2628,4,3,Suburbs,420592.29978441
2680,2,2,Suburbs,379727.8893315671
1296,5,1,City Centre,332353.7531468038
637,5,2,Rural Area,254831.06249067516
2731,5,3,Rural Area,441390.36861800216
1853,1,1,City Centre,280020.7257883527
2375,4,2,Suburbs,366553.9202212327
568,5,3,Suburbs,273453.82107774145
2600,1,2,Suburbs,350577.50696364243
1973,4,3,City Centre,370427.27622521657
704,2,3,Suburbs,231915.9329508438
2673,1,1,City Centre,326556.72862831503
542,3,3,City Centre,181257.6362977402
2406,1,2,Rural Area,328928.0134730799
2658,1,3,Suburbs,401567.57702038635
1260,4,3,City Centre,270613.07849046314
2642,2,1,Suburbs,312556.8880377886
2494,3,3,Suburbs,395376.82283182
2435,5,3,Rural Area,449534.81599821843
1399,5,2,Suburbs,343905.2349947766
859,1,1,Rural Area,161636.77275829203
2219,4,1,City Centre,358671.46785767993
780,4,1,Suburbs,246078.01468511493
2387,5,3,City Centre,396305.1660060916
1166,3,1,Suburbs,233829.5844963398
592,2,3,City Centre,198008.47779850115
1171,3,3,Suburbs,281084.3744257007
2469,2,2,Suburbs,356703.86613618233
560,5,2,Suburbs,236688.82023411684
1528,2,2,Suburbs,223033.4529317402
1989,4,2,Suburbs,345735.03175332304
1103,1,2,Suburbs,219370.17425108934
1181,1,3,Suburbs,213454.11931490642
1928,5,3,Suburbs,388979.68443179195
2780,4,1,Suburbs,431937.450016054
1023,3,3,City Centre,250449.0159828447
2893,4,3,Rural Area,467709.2754199314
2468,1,2,Suburbs,327545.34869430773
1601,1,3,Rural Area,270967.7744060791
2253,4,2,Suburbs,397504.32339178445
2336,4,1,Suburbs,381739.4592193687
2796,1,1,City Centre,352869.3746087213
2594,3,3,City Centre,418884.3280858159
1644,5,1,Rural Area,343692.19581273233
2761,5,3,City Centre,430101.1744284504
2786,4,1,City Centre,446781.48129911796
1579,5,2,Rural Area,331174.9052263786
2897,1,2,City Centre,398209.7986648046
606,1,2,Suburbs,184544.93847290456
547,4,2,Rural Area,187266.52605539068
836,4,3,Rural Area,244411.17995144907
1549,4,1,Suburbs,294129.0260824859
1780,3,3,City Centre,317324.92957751144
2555,5,2,Rural Area,470198.73151673615
1124,4,3,Rural Area,270264.5581234641
2390,2,1,Suburbs,332889.0644102627
1776,2,3,Suburbs,316687.78063205956
2215,1,1,City Centre,282457.0094784782
802,5,3,Rural Area,267286.38576487475
1138,4,1,City Centre,265149.0652250035
555,2,1,City Centre,153842.79191234978
1225,5,2,Suburbs,300632.262822001
1025,1,1,Rural Area,176913.35775103257
973,3,2,Rural Area,207010.59381638467
527,5,2,Rural Area,239131.86422678476
2625,5,2,Suburbs,477598.6614329448
864,3,3,Suburbs,241768.03261566875
1025,5,3,Suburbs,302005.282344951
1835,1,3,Suburbs,312354.4551023372
1382,1,3,Suburbs,227813.39006906602
1530,3,1,Rural Area,312050.2931625921
1526,4,1,City Centre,301646.57592845603
2146,2,3,Rural Area,382237.1379817822
1418,4,1,City Centre,272139.3400895202
2910,5,1,Suburbs,492361.2384511565
2274,2,2,City Centre,362903.10988069564
2031,3,2,Rural Area,354160.8017170472
2406,3,2,Rural Area,385280.48908706295
1715,2,2,City Centre,286529.427638511
2154,1,1,Suburbs,324410.63316947746
984,2,3,Suburbs,236207.19739696095
2575,5,1,Rural Area,383158.60592825693
1213,1,1,City Centre,183956.27076585995
1562,3,1,Suburbs,277483.08495614503
2476,2,2,Suburbs,373799.9796633111
1796,4,2,Rural Area,338468.2302220021
1754,4,2,Suburbs,359779.41579587327
2633,5,3,City Centre,419277.9627192275
625,4,1,Rural Area,210371.7587301032
1036,2,3,Rural Area,202240.4154922569
2692,2,2,City Centre,404394.24590968335
2572,4,3,Rural Area,430310.82571115997
2103,2,1,Suburbs,323692.19944048236
566,5,1,Suburbs,204322.3407882047
732,1,2,City Centre,198789.29863315503
2656,5,2,Suburbs,466434.493281177
1669,5,3,City Centre,373570.88606023777
2658,2,2,City Centre,383209.6550627312
2775,1,2,Suburbs,389097.14570590266
610,2,1,City Centre,151862.14864025303
1993,3,2,Suburbs,356411.11318041425
2581,2,2,Rural Area,411089.61788647843
1122,2,1,Rural Area,238612.21119958372
2972,2,1,City Centre,387607.9506038518
2041,1,3,Suburbs,326328.3463454621
1805,2,2,Suburbs,274637.169124827
2261,1,1,Rural Area,322547.8062235135
2475,4,3,Rural Area,431512.06825725076
2862,3,3,Suburbs,403803.6732093567
1376,1,2,City Centre,214364.32312175274
2489,4,2,Rural Area,403237.22206512466
1812,1,3,City Centre,290182.8050571835
1960,1,1,City Centre,256810.46129162388
2824,3,3,Rural Area,445179.57458704367
2233,5,2,City Centre,408329.4721788102
2105,5,1,City Centre,371614.6173604296
2026,1,1,Suburbs,272484.16999683273
2897,2,3,City Centre,445674.14252833126
2130,4,2,Suburbs,406108.1422617659
1660,2,3,Rural Area,291328.77032306924
1258,2,3,Rural Area,248556.6616569036
742,1,3,Suburbs,199024.15330823994
1563,1,1,Rural Area,234139.41240506028
728,1,1,City Centre,155012.05598673533
1419,1,2,City Centre,256693.06303449342
1746,5,2,City Centre,316412.87824985414
505,1,3,Rural Area,191866.04649705338
967,5,3,City Centre,293153.6104865868
2255,5,3,Rural Area,412270.1371087564
574,1,2,City Centre,155615.31691557102
503,3,1,Suburbs,174548.58710041037
2370,4,1,Rural Area,347375.9739311015
1145,2,3,Rural Area,279398.76454906474
617,5,3,City Centre,257526.51264541238
2129,4,3,Rural Area,396760.0426089475
2521,3,3,Rural Area,426130.99541148084
1446,2,2,Suburbs,244176.750848794
1964,2,1,Suburbs,310869.4379807046
693,5,3,City Centre,258947.17818202413
1346,1,2,Suburbs,251535.41550432987
1915,3,3,City Centre,303955.4515929701
1958,5,3,City Centre,388818.11399517464
2720,3,1,City Centre,384943.5868843208
2168,1,3,Rural Area,340445.2590126831
2873,1,1,Suburbs,381700.88374736405
1933,5,1,City Centre,344147.4821035595
1641,1,1,Suburbs,234856.52271647914
2310,4,2,City Centre,388786.69262885343
1223,2,2,Suburbs,224367.15545369583
724,5,1,Suburbs,254239.67390904255
1031,3,3,City Centre,250715.85599105107
612,4,1,Rural Area,148060.23561356717
2687,5,3,Suburbs,456203.5588675639
1058,1,1,Rural Area,170029.12358312056
2548,1,3,Rural Area,337174.4836907811
2637,1,2,City Centre,338951.46723554854
1153,1,3,City Centre,232488.1694366594
819,3,1,City Centre,233472.81656496463
2073,4,2,Suburbs,373563.6894772996
2328,2,3,City Centre,355669.9322356852
2417,3,3,City Centre,405818.0839034141
638,3,3,Suburbs,209618.19379562017
2526,2,3,Suburbs,373707.9926167371
2806,2,3,City Centre,392512.7466353403
1401,1,2,City Centre,205063.42386496562
1189,3,2,City Centre,251101.5258688111
2539,5,2,City Centre,437061.06979840266
509,2,2,Rural Area,168967.5265997022
760,2,1,Rural Area,172680.66144105283
2442,4,2,City Centre,385285.0787860644
2173,5,3,Rural Area,424464.9238336994
2719,5,3,Suburbs,440557.3616010683
2560,2,2,Rural Area,391520.55827686953
1691,1,3,Rural Area,264055.6596214655
2119,4,2,City Centre,356851.2952529393
820,5,3,Rural Area,247664.29618768647
1842,2,1,Rural Area,279171.95706228726
2136,5,1,Rural Area,398106.24916955957
2876,4,2,Rural Area,457912.5617688791
2494,4,2,Suburbs,428968.4422405607
2443,3,2,City Centre,394742.85091867874
2538,2,3,City Centre,366726.6034293926
1618,4,2,Suburbs,315184.2155134489
2104,3,1,Rural Area,319796.0174176507
2865,3,3,Suburbs,468111.4980807808
735,5,2,Rural Area,229564.22707147378
2469,5,3,Suburbs,459773.95378778223
833,3,3,City Centre,256159.07740217538
2408,5,2,City Centre,457392.4040343217
875,4,3,City Centre,254306.26814741007
1660,1,1,Rural Area,265246.44319160323
2070,4,1,Rural Area,397633.03673077683
1819,3,3,Suburbs,324547.16646132607
2355,3,2,Suburbs,344799.1950493528
1872,4,3,City Centre,324599.7993218447
1372,5,1,Rural Area,316454.2405772266
1752,5,3,Suburbs,332536.9958388283
2817,3,3,Rural Area,429253.6189412415
2351,2,1,Rural Area,348846.2637407792
1814,5,3,City Centre,380103.5107365983
1224,4,3,City Centre,305908.8972836835
2552,5,2,Rural Area,439645.7971160171
577,4,2,Rural Area,243277.31626626785
631,3,1,Rural Area,169053.67238522405
1100,5,1,Rural Area,261460.0972308294
2272,4,1,City Centre,356746.81109458354
1565,3,2,Suburbs,313103.8362372522
2636,2,1,City Centre,386607.97176790127
2949,4,1,Suburbs,448924.50638637017
2843,2,1,Rural Area,412969.8733377986
2363,2,2,Suburbs,332739.1826524724
1818,1,3,City Centre,330144.48223102273
1115,5,1,City Centre,306964.77243424515
2969,4,3,Rural Area,486612.43994491495
2388,2,1,City Centre,379435.9781754212
1546,1,3,Rural Area,236467.53584644452
1074,3,2,City Centre,236911.03727474695
2690,4,2,City Centre,414293.9307863609
1492,2,1,Rural Area,268629.5864751469
2692,5,3,Suburbs,443197.1852079571
1748,1,2,City Centre,289949.9029867497
1002,2,1,Suburbs,232610.72287993427
2497,5,1,City Centre,428604.05800168
1320,2,2,City Centre,257675.02047323002
2651,4,2,City Centre,405342.533181985
2470,4,1,City Centre,375062.9806774927
697,4,3,Suburbs,269692.3781059333
2169,1,3,Suburbs,347486.98007810663
2938,4,3,City Centre,468019.60961244913
1702,5,1,City Centre,326841.8090846822
1971,2,2,Suburbs,276583.8425377725
2146,3,1,Rural Area,318182.95162631123
2192,5,2,Rural Area,437428.3817427945
1812,5,3,Suburbs,350590.88857995067
2535,4,3,City Centre,432289.5964244216
977,1,2,City Centre,217848.87946390396
1754,2,2,Rural Area,270301.54663995415
1422,1,1,Rural Area,230894.20949562168
919,2,3,Suburbs,245658.3107502131
2704,2,1,Rural Area,375649.986438145
1620,1,1,Suburbs,304368.06111333537
1450,5,1,Rural Area,276628.0148224361
2836,2,3,Rural Area,439774.5705976776
1777,1,1,Rural Area,259243.96525207072
2743,2,1,City Centre,394738.4030967335
2357,3,1,City Centre,369526.14303398493
1016,5,1,City Centre,251936.87605780008
2158,4,1,Rural Area,365379.9278491868
2365,2,1,Suburbs,304341.97097203427
1641,3,3,Suburbs,331164.95001142786
2432,4,1,Suburbs,394163.1693198105
1314,4,2,Suburbs,304173.2033728621
2775,2,1,City Centre,403662.366501743
2400,1,1,City Centre,332352.3968041942
2763,2,3,Rural Area,414261.78839596553
2562,3,3,Rural Area,393578.6332667742
2594,4,2,Suburbs,405155.58472701896
2871,2,2,City Centre,430834.69240354665
629,1,3,Suburbs,206626.70811411957
594,2,3,Rural Area,189637.79127375892
2455,5,1,Rural Area,411420.05494506547
1293,1,3,Suburbs,226207.71250012467
2334,3,2,Rural Area,396855.1369053489
2616,4,1,Suburbs,419908.3364738356
2183,2,2,City Centre,377124.348729275
510,1,1,Suburbs,118433.53845640522
2365,5,3,City Centre,423939.84201963566
1211,1,2,City Centre,225728.91845051144
2570,5,1,Rural Area,434929.7907545154
1314,3,1,Rural Area,252086.64724904735
845,4,3,Rural Area,242040.77819092598
2849,3,3,Suburbs,457528.1505784714
862,2,3,Suburbs,235622.70725091163
2943,1,2,Rural Area,375974.5179887255
2765,5,1,Suburbs,468608.8560221099
2688,5,3,Rural Area,487203.97418393206
1484,1,2,Suburbs,251085.92994495586
2139,1,2,City Centre,315491.95724752074
1327,2,2,City Centre,263781.15542231814
855,3,3,Rural Area,223265.93859487484
1847,5,3,Suburbs,380300.62958328164
2363,2,1,Suburbs,298252.3291078164
626,3,1,City Centre,205129.1129100587
1103,2,3,City Centre,214070.13555116282
2428,5,2,Rural Area,452868.39656858
1513,1,2,City Centre,244697.598120671
550,1,2,Rural Area,150766.66036137647
1930,3,1,City Centre,305445.3218783099
2292,4,2,City Centre,383439.22252155846
2136,3,1,Suburbs,366970.6269029607
2145,4,1,City Centre,309743.8268692984
2967,2,2,City Centre,442239.30772176373
1705,2,2,Rural Area,297260.4696220342
2354,5,3,City Centre,406259.56704285566
1066,4,3,Rural Area,260093.75213901524
2918,5,2,City Centre,505327.8605441641
1435,1,1,City Centre,209589.86240114536
2434,4,1,Rural Area,365332.9897880808
1832,3,1,Suburbs,330946.2908472946
701,1,1,Rural Area,161871.0575257183
2860,1,1,Rural Area,352241.48846927204
616,3,3,Rural Area,220932.49950809238
1436,1,2,Suburbs,223084.94632719446
1074,4,3,City Centre,304416.4279684521
2791,5,1,Rural Area,465327.4192974627
1036,1,1,Rural Area,199240.12397643886
2125,4,1,Suburbs,364733.2212249403
2622,2,1,Rural Area,402423.7624973475
885,4,2,City Centre,248493.7265477645
974,5,1,Suburbs,238762.51749158397
917,4,2,City Centre,260689.47825664614
2894,3,1,City Centre,456120.9409907423
1438,5,2,Suburbs,303504.81013628293
1454,2,3,Rural Area,273170.74466612027
1375,3,1,City Centre,270828.92076202907
1262,4,2,City Centre,285121.90301988524
1702,5,3,City Centre,345553.9283924537
1705,2,1,City Centre,297937.1571246094
1163,3,1,Suburbs,287700.81444034516
